Date,Buying
2-Jan-19,"5,401"
3-Jan-19,"5,438"
4-Jan-19,"5,467"
7-Jan-19,"5,396"
8-Jan-19,"5,401"
9-Jan-19,"5,389"
10-Jan-19,"5,406"
11-Jan-19,"5,379"
14-Jan-19,"5,382"
15-Jan-19,"5,397"
16-Jan-19,"5,398"
17-Jan-19,"5,420"
18-Jan-19,"5,409"
22-Jan-19,"5,375"
23-Jan-19,"5,411"
24-Jan-19,"5,410"
25-Jan-19,"5,410"
28-Jan-19,"5,450"
29-Jan-19,"5,463"
30-Jan-19,"5,495"
31-Jan-19,"5,508"
4-Feb-19,"5,509"
7-Feb-19,"5,465"
8-Feb-19,"5,447"
11-Feb-19,"5,448"
12-Feb-19,"5,437"
13-Feb-19,"5,438"
14-Feb-19,"5,428"
15-Feb-19,"5,452"
18-Feb-19,"5,486"
19-Feb-19,"5,520"
20-Feb-19,"5,559"
21-Feb-19,"5,559"
22-Feb-19,"5,512"
25-Feb-19,"5,507"
26-Feb-19,"5,505"
27-Feb-19,"5,510"
28-Feb-19,"5,480"
1-Mar-19,"5,456"
4-Mar-19,"5,371"
5-Mar-19,"5,344"
6-Mar-19,"5,363"
7-Mar-19,"5,370"
8-Mar-19,"5,371"
11-Mar-19,"5,407"
12-Mar-19,"5,383"
13-Mar-19,"5,419"
14-Mar-19,"5,453"
15-Mar-19,"5,403"
18-Mar-19,"5,419"
19-Mar-19,"5,423"
20-Mar-19,"5,431"
21-Mar-19,"5,437"
22-Mar-19,"5,417"
25-Mar-19,"5,439"
26-Mar-19,"5,480"
27-Mar-19,"5,473"
28-Mar-19,"5,441"
29-Mar-19,"5,371"
1-Apr-19,"5,371"
2-Apr-19,"5,364"
3-Apr-19,"5,376"
4-Apr-19,"5,376"
5-Apr-19,"5,377"
8-Apr-19,"5,380"
9-Apr-19,"5,419"
10-Apr-19,"5,448"
11-Apr-19,"5,475"
12-Apr-19,"5,433"
15-Apr-19,"5,401"
16-Apr-19,"5,396"
17-Apr-19,"5,375"
18-Apr-19,"5,372"
19-Apr-19,"5,391"
22-Apr-19,"5,384"
23-Apr-19,"5,370"
24-Apr-19,"5,356"
25-Apr-19,"5,372"
26-Apr-19,"5,392"
29-Apr-19,"5,415"
30-Apr-19,"5,396"
2-May-19,"5,384"
3-May-19,"5,384"
6-May-19,"5,428"
7-May-19,"5,428"
8-May-19,"5,437"
9-May-19,"5,421"
10-May-19,"5,421"
13-May-19,"5,462"
14-May-19,"5,540"
15-May-19,"5,521"
16-May-19,"5,516"
17-May-19,"5,470"
21-May-19,"5,429"
23-May-19,"5,443"
24-May-19,"5,485"
27-May-19,"5,480"
28-May-19,"5,492"
29-May-19,"5,476"
30-May-19,"5,470"
31-May-19,"5,521"
3-Jun-19,"5,597"
4-Jun-19,"5,645"
7-Jun-19,"5,667"
10-Jun-19,"5,659"
11-Jun-19,"5,638"
12-Jun-19,"5,632"
13-Jun-19,"5,663"
14-Jun-19,"5,710"
17-Jun-19,"5,695"
18-Jun-19,"5,703"
19-Jun-19,"5,728"
20-Jun-19,"5,775"
21-Jun-19,"5,893"
24-Jun-19,"5,951"
25-Jun-19,"6,021"
26-Jun-19,"6,004"
27-Jun-19,"5,971"
28-Jun-19,"5,977"
1-Jul-19,"5,856"
2-Jul-19,"5,847"
3-Jul-19,"6,025"
4-Jul-19,"5,994"
5-Jul-19,"5,978"
8-Jul-19,"5,899"
9-Jul-19,"5,888"
10-Jul-19,"5,887"
11-Jul-19,"6,001"
12-Jul-19,"5,901"
15-Jul-19,"5,940"
16-Jul-19,"5,936"
17-Jul-19,"5,889"
18-Jul-19,"5,978"
19-Jul-19,"6,043"
22-Jul-19,"5,982"
23-Jul-19,"5,970"
24-Jul-19,"5,955"
25-Jul-19,"5,982"
26-Jul-19,"5,947"
29-Jul-19,"5,961"
31-Jul-19,"6,018"
1-Aug-19,"5,950"
2-Aug-19,"6,094"
5-Aug-19,"6,112"
6-Aug-19,"6,290"
7-Aug-19,"6,314"
8-Aug-19,"6,425"
9-Aug-19,"6,415"
13-Aug-19,"6,465"
14-Aug-19,"6,410"
15-Aug-19,"6,491"
16-Aug-19,"6,522"
19-Aug-19,"6,425"
20-Aug-19,"6,381"
21-Aug-19,"6,421"
22-Aug-19,"6,401"
23-Aug-19,"6,393"
26-Aug-19,"6,632"
27-Aug-19,"6,554"
28-Aug-19,"6,618"
29-Aug-19,"6,611"
30-Aug-19,"6,554"
3-Sep-19,"6,563"
4-Sep-19,"6,654"
5-Sep-19,"6,620"
6-Sep-19,"6,490"
10-Sep-19,"6,354"
11-Sep-19,"6,331"
12-Sep-19,"6,354"
13-Sep-19,"6,366"
17-Sep-19,"6,367"
18-Sep-19,"6,395"
19-Sep-19,"6,374"
20-Sep-19,"6,409"
23-Sep-19,"6,444"
24-Sep-19,"6,476"
25-Sep-19,"6,537"
26-Sep-19,"6,451"
27-Sep-19,"6,432"
30-Sep-19,"6,393"
1-Oct-19,"6,295"
2-Oct-19,"6,322"
3-Oct-19,"6,403"
4-Oct-19,"6,429"
7-Oct-19,"6,436"
8-Oct-19,"6,373"
9-Oct-19,"6,453"
10-Oct-19,"6,462"
11-Oct-19,"6,377"
14-Oct-19,"6,328"
15-Oct-19,"6,364"
16-Oct-19,"6,336"
17-Oct-19,"6,366"
18-Oct-19,"6,360"
21-Oct-19,"6,361"
22-Oct-19,"6,327"
23-Oct-19,"6,368"
24-Oct-19,"6,372"
25-Oct-19,"6,418"
29-Oct-19,"6,364"
30-Oct-19,"6,348"
31-Oct-19,"6,366"
1-Nov-19,"6,444"
4-Nov-19,"6,418"
5-Nov-19,"6,374"
6-Nov-19,"6,256"
7-Nov-19,"6,301"
8-Nov-19,"6,165"
11-Nov-19,"6,162"
12-Nov-19,"6,153"
13-Nov-19,"6,167"
14-Nov-19,"6,199"
15-Nov-19,"6,222"
18-Nov-19,"6,218"
19-Nov-19,"6,254"
20-Nov-19,"6,249"
21-Nov-19,"6,272"
22-Nov-19,"6,223"
25-Nov-19,"6,217"
26-Nov-19,"6,192"
27-Nov-19,"6,222"
28-Nov-19,"6,197"
29-Nov-19,"6,194"
2-Dec-19,"6,219"
3-Dec-19,"6,221"
4-Dec-19,"6,297"
5-Dec-19,"6,277"
6-Dec-19,"6,267"
9-Dec-19,"6,198"
10-Dec-19,"6,196"
12-Dec-19,"6,207"
13-Dec-19,"6,182"
16-Dec-19,"6,226"
17-Dec-19,"6,235"
18-Dec-19,"6,231"
19-Dec-19,"6,227"
20-Dec-19,"6,241"
23-Dec-19,"6,242"
24-Dec-19,"6,276"
26-Dec-19,"6,321"
27-Dec-19,"6,368"
30-Dec-19,"6,364"
31-Dec-19,"6,338"
2-Jan-20,"6,334"
3-Jan-20,"6,378"
6-Jan-20,"6,559"
7-Jan-20,"6,538"
8-Jan-20,"6,700"
9-Jan-20,"6,485"
10-Jan-20,"6,471"
13-Jan-20,"6,473"
14-Jan-20,"6,379"
15-Jan-20,"6,446"
16-Jan-20,"6,462"
17-Jan-20,"6,433"
20-Jan-20,"6,444"
21-Jan-20,"6,466"
22-Jan-20,"6,469"
23-Jan-20,"6,474"
24-Jan-20,"6,479"
28-Jan-20,"6,572"
29-Jan-20,"6,526"
30-Jan-20,"6,565"
31-Jan-20,"6,565"
3-Feb-20,"6,647"
4-Feb-20,"6,624"
5-Feb-20,"6,506"
6-Feb-20,"6,534"
7-Feb-20,"6,592"
10-Feb-20,"6,653"
11-Feb-20,"6,640"
12-Feb-20,"6,604"
13-Feb-20,"6,632"
14-Feb-20,"6,664"
17-Feb-20,"6,689"
18-Feb-20,"6,697"
19-Feb-20,"6,776"
20-Feb-20,"6,837"
21-Feb-20,"6,919"
24-Feb-20,"7,152"
25-Feb-20,"7,079"
26-Feb-20,"7,082"
27-Feb-20,"7,091"
28-Feb-20,"7,062"
2-Mar-20,"6,815"
3-Mar-20,"6,820"
4-Mar-20,"7,028"
5-Mar-20,"6,972"
6-Mar-20,"7,109"
9-Mar-20,"7,262"
10-Mar-20,"7,186"
11-Mar-20,"7,159"
12-Mar-20,"7,121"
13-Mar-20,"6,898"
16-Mar-20,"6,798"
17-Mar-20,"6,655"
18-Mar-20,"6,829"
19-Mar-20,"6,662"
20-Mar-20,"6,634"
23-Mar-20,"6,723"
24-Mar-20,"7,074"
25-Mar-20,"7,400"
26-Mar-20,"7,221"
27-Mar-20,"7,150"
30-Mar-20,"7,180"
31-Mar-20,"7,142"
1-Apr-20,"6,933"
2-Apr-20,"7,098"
3-Apr-20,"7,168"
6-Apr-20,"7,230"
7-Apr-20,"7,363"
8-Apr-20,"7,308"
9-Apr-20,"7,288"
10-Apr-20,"7,409"
13-Apr-20,"7,431"
14-Apr-20,"7,577"
15-Apr-20,"7,615"
16-Apr-20,"7,613"
17-Apr-20,"7,621"
20-Apr-20,"7,464"
21-Apr-20,"7,553"
22-Apr-20,"7,558"
23-Apr-20,"7,619"
24-Apr-20,"7,680"
27-Apr-20,"7,667"
28-Apr-20,"7,595"
29-Apr-20,"7,585"
30-Apr-20,"7,574"
4-May-20,"7,530"
5-May-20,"7,479"
6-May-20,"7,471"
8-May-20,"7,511"
11-May-20,"8,057"
12-May-20,"7,521"
13-May-20,"7,545"
14-May-20,"7,605"
15-May-20,"7,660"
18-May-20,"7,807"
19-May-20,"7,683"
20-May-20,"7,741"
21-May-20,"7,757"
22-May-20,"7,668"
27-May-20,"7,591"
28-May-20,"7,595"
29-May-20,"7,637"
1-Jun-20,"7,695"
2-Jun-20,"7,644"
3-Jun-20,"7,492"
4-Jun-20,"7,387"
5-Jun-20,"7,454"
9-Jun-20,"7,350"
10-Jun-20,"7,475"
11-Jun-20,"7,523"
12-Jun-20,"7,534"
15-Jun-20,"7,549"
16-Jun-20,"7,499"
17-Jun-20,"7,530"
18-Jun-20,"7,534"
19-Jun-20,"7,525"
22-Jun-20,"7,634"
23-Jun-20,"7,645"
24-Jun-20,"7,722"
25-Jun-20,"7,693"
26-Jun-20,"7,698"
29-Jun-20,"7,757"
30-Jun-20,"7,739"
1-Jul-20,"7,780"
2-Jul-20,"7,726"
3-Jul-20,"7,760"
6-Jul-20,"7,757"
7-Jul-20,"7,782"
8-Jul-20,"7,827"
9-Jul-20,"7,861"
10-Jul-20,"7,843"
13-Jul-20,"7,829"
14-Jul-20,"7,834"
15-Jul-20,"7,871"
16-Jul-20,"7,879"
17-Jul-20,"7,834"
20-Jul-20,"7,864"
21-Jul-20,"7,888"
22-Jul-20,"7,993"
23-Jul-20,"8,128"
24-Jul-20,"8,180"
27-Jul-20,"8,326"
28-Jul-20,"8,506"
29-Jul-20,"8,485"
30-Jul-20,"8,501"
3-Aug-20,"8,565"
4-Aug-20,"8,505"
5-Aug-20,"8,707"
6-Aug-20,"8,699"
7-Aug-20,"8,831"
10-Aug-20,"8,692"
11-Aug-20,"8,671"
12-Aug-20,"8,200"
13-Aug-20,"8,241"
14-Aug-20,"8,367"
17-Aug-20,"8,273"
18-Aug-20,"8,468"
19-Aug-20,"8,538"
21-Aug-20,"8,321"
25-Aug-20,"8,218"
26-Aug-20,"8,195"
27-Aug-20,"8,295"
28-Aug-20,"8,194"
31-Aug-20,"8,352"
1-Sep-20,"8,352"
2-Sep-20,"8,338"
3-Sep-20,"8,219"
4-Sep-20,"8,178"
7-Sep-20,"8,186"
8-Sep-20,"8,172"
9-Sep-20,"8,216"
10-Sep-20,"8,262"
11-Sep-20,"8,217"
11-Sep-20,"8,255"
14-Sep-20,"8,228"
15-Sep-20,"8,265"
17-Sep-20,"8,251"
18-Sep-20,"8,213"
21-Sep-20,"8,188"
22-Sep-20,"8,072"
23-Sep-20,"8,022"
24-Sep-20,"7,894"
25-Sep-20,"7,926"
28-Sep-20,"7,911"
29-Sep-20,"8,004"
30-Sep-20,"8,025"
1-Oct-20,"7,984"
2-Oct-20,"8,063"
5-Oct-20,"8,057"
6-Oct-20,"8,096"
7-Oct-20,"7,967"
8-Oct-20,"7,986"
9-Oct-20,"8,038"
12-Oct-20,"8,128"
13-Oct-20,"8,124"
14-Oct-20,"8,003"
15-Oct-20,"8,031"
16-Oct-20,"8,031"
19-Oct-20,"8,031"
20-Oct-20,"8,035"
21-Oct-20,"8,086"
22-Oct-20,"8,118"
23-Oct-20,"8,047"
26-Oct-20,"8,044"
27-Oct-20,"8,086"
28-Oct-20,"8,087"
30-Oct-20,"7,915"
2-Nov-20,"7,957"
3-Nov-20,"8,022"
4-Nov-20,"8,100"
5-Nov-20,"8,057"
6-Nov-20,"8,096"
9-Nov-20,"8,217"
10-Nov-20,"7,860"
11-Nov-20,"7,889"
12-Nov-20,"7,850"
13-Nov-20,"7,904"
16-Nov-20,"7,935"
17-Nov-20,"7,918"
18-Nov-20,"7,862"
19-Nov-20,"7,819"
20-Nov-20,"7,781"
23-Nov-20,"7,810"
24-Nov-20,"7,651"
25-Nov-20,"7,530"
26-Nov-20,"7,539"
27-Nov-20,"7,506"
30-Nov-20,"7,411"
1-Dec-20,"7,395"
2-Dec-20,"7,527"
3-Dec-20,"7,596"
4-Dec-20,"7,621"
7-Dec-20,"7,630"
8-Dec-20,"7,738"
9-Dec-20,"7,760"
10-Dec-20,"7,619"
11-Dec-20,"7,599"
14-Dec-20,"7,557"
15-Dec-20,"7,553"
16-Dec-20,"7,646"
17-Dec-20,"7,698"
18-Dec-20,"7,753"
21-Dec-20,"7,776"
22-Dec-20,"7,760"
23-Dec-20,"7,712"
24-Dec-20,"7,749"
28-Dec-20,"7,818"
29-Dec-20,"7,759"
30-Dec-20,"7,757"
31-Dec-20,"7,792"
4-Jan-21,"7,819"
5-Jan-21,"7,940"
6-Jan-21,"7,965"
7-Jan-21,"7,873"
8-Jan-21,"7,901"
11-Jan-21,"7,608"
12-Jan-21,"7,618"
13-Jan-21,"7,672"
14-Jan-21,"7,613"
15-Jan-21,"7,602"
18-Jan-21,"7,486"
19-Jan-21,"7,577"
20-Jan-21,"7,604"
21-Jan-21,"7,700"
22-Jan-21,"7,687"
25-Jan-21,"7,656"
26-Jan-21,"7,644"
27-Jan-21,"7,625"
29-Jan-21,"7,612"
1-Feb-21,"7,625"
2-Feb-21,"7,664"
3-Feb-21,"7,580"
4-Feb-21,"7,578"
5-Feb-21,"7,433"
8-Feb-21,"7,520"
9-Feb-21,"7,583"
10-Feb-21,"7,576"
11-Feb-21,"7,593"
15-Feb-21,"7,503"
16-Feb-21,"7,487"
17-Feb-21,"7,374"
18-Feb-21,"7,315"
19-Feb-21,"7,294"
22-Feb-21,"7,351"
23-Feb-21,"7,455"
24-Feb-21,"7,443"
25-Feb-21,"7,431"
26-Feb-21,"7,312"
1-Mar-21,"7,195"
2-Mar-21,"7,118"
3-Mar-21,"7,180"
4-Mar-21,"7,071"
5-Mar-21,"7,008"
8-Mar-21,"7,082"
9-Mar-21,"7,060"
10-Mar-21,"7,206"
11-Mar-21,"7,251"
12-Mar-21,"7,218"
15-Mar-21,"7,248"
16-Mar-21,"7,261"
17-Mar-21,"7,265"
18-Mar-21,"7,334"
19-Mar-21,"7,282"
22-Mar-21,"7,296"
23-Mar-21,"7,291"
24-Mar-21,"7,277"
25-Mar-21,"7,316"
26-Mar-21,"7,311"
29-Mar-21,"7,320"
30-Mar-21,"7,225"
31-Mar-21,"7,130"
1-Apr-21,"7,220"
2-Apr-21,"7,309"
5-Apr-21,"7,295"
6-Apr-21,"7,290"
7-Apr-21,"7,330"
8-Apr-21,"7,320"
9-Apr-21,"7,390"
12-Apr-21,"7,341"
13-Apr-21,"7,294"
14-Apr-21,"7,353"
15-Apr-21,"7,308"
16-Apr-21,"7,425"
19-Apr-21,"7,483"
20-Apr-21,"7,450"
21-Apr-21,"7,468"
22-Apr-21,"7,530"
23-Apr-21,"7,485"
26-Apr-21,"7,442"
27-Apr-21,"7,447"
28-Apr-21,"7,411"
30-Apr-21,"7,402"
3-May-21,"7,390"
4-May-21,"7,493"
5-May-21,"7,471"
6-May-21,"7,495"
10-May-21,"7,658"
11-May-21,"7,691"
12-May-21,"7,712"
17-May-21,"7,775"
18-May-21,"7,867"
19-May-21,"7,861"
20-May-21,"7,896"
21-May-21,"7,918"
24-May-21,"7,947"
25-May-21,"7,927"
27-May-21,"8,005"
28-May-21,"8,010"
31-May-21,"8,045"
1-Jun-21,"8,020"
2-Jun-21,"7,985"
3-Jun-21,"8,015"
4-Jun-21,"7,877"
8-Jun-21,"7,984"
9-Jun-21,"7,964"
10-Jun-21,"7,921"
11-Jun-21,"7,971"
14-Jun-21,"7,849"
15-Jun-21,"7,826"
16-Jun-21,"7,798"
17-Jun-21,"7,669"
18-Jun-21,"7,509"
21-Jun-21,"7,481"
22-Jun-21,"7,536"
23-Jun-21,"7,522"
24-Jun-21,"7,539"
25-Jun-21,"7,527"
29-Jun-21,"7,515"
30-Jun-21,"7,456"
1-Jul-21,"7,488"
5-Jul-21,"7,559"
6-Jul-21,"7,596"
7-Jul-21,"7,618"
8-Jul-21,"7,663"
9-Jul-21,"7,691"
12-Jul-21,"7,707"
13-Jul-21,"7,726"
14-Jul-21,"7,735"
16-Jul-21,"7,842"
19-Jul-21,"7,790"
21-Jul-21,"7,794"
22-Jul-21,"7,768"
23-Jul-21,"7,783"
26-Jul-21,"7,757"
27-Jul-21,"7,748"
29-Jul-21,"7,797"
30-Jul-21,"7,888"
2-Aug-21,"7,811"
3-Aug-21,"7,804"
4-Aug-21,"7,809"
5-Aug-21,"7,800"
6-Aug-21,"7,746"
9-Aug-21,"7,415"
11-Aug-21,"7,453"
12-Aug-21,"7,570"
13-Aug-21,"7,571"
16-Aug-21,"7,686"
17-Aug-21,"7,718"
18-Aug-21,"7,727"
19-Aug-21,"7,717"
20-Aug-21,"7,693"
23-Aug-21,"7,670"
24-Aug-21,"7,763"
25-Aug-21,"7,740"
26-Aug-21,"7,676"
27-Aug-21,"7,672"
30-Aug-21,"7,747"
1-Sep-21,"7,676"
2-Sep-21,"7,678"
3-Sep-21,"7,657"
6-Sep-21,"7,715"
7-Sep-21,"7,719"
8-Sep-21,"7,620"
9-Sep-21,"7,576"
10-Sep-21,"7,594"
13-Sep-21,"7,546"
14-Sep-21,"7,582"
15-Sep-21,"7,654"
20-Sep-21,"7,477"
21-Sep-21,"7,542"
22-Sep-21,"7,580"
24-Sep-21,"7,442"
27-Sep-21,"7,476"
28-Sep-21,"7,475"
29-Sep-21,"7,406"
30-Sep-21,"7,394"
1-Oct-21,"7,467"
4-Oct-21,"7,507"
5-Oct-21,"7,520"
6-Oct-21,"7,490"
7-Oct-21,"7,515"
8-Oct-21,"7,478"
11-Oct-21,"7,473"
12-Oct-21,"7,451"
13-Oct-21,"7,485"
14-Oct-21,"7,583"
15-Oct-21,"7,608"
18-Oct-21,"7,504"
20-Oct-21,"7,494"
21-Oct-21,"7,552"
22-Oct-21,"7,565"
25-Oct-21,"7,595"
26-Oct-21,"7,648"
27-Oct-21,"7,589"
28-Oct-21,"7,600"
29-Oct-21,"7,598"
1-Nov-21,"7,533"
2-Nov-21,"7,578"
3-Nov-21,"7,568"
5-Nov-21,"7,596"
8-Nov-21,"7,686"
9-Nov-21,"7,722"
10-Nov-21,"7,747"
11-Nov-21,"7,850"
12-Nov-21,"7,910"
15-Nov-21,"7,917"
16-Nov-21,"7,914"
17-Nov-21,"7,883"
18-Nov-21,"7,950"
19-Nov-21,"7,925"
22-Nov-21,"7,880"
23-Nov-21,"7,726"
24-Nov-21,"7,671"
25-Nov-21,"7,699"
26-Nov-21,"7,726"
29-Nov-21,"7,737"
30-Nov-21,"7,716"
1-Dec-21,"7,607"
2-Dec-21,"7,660"
3-Dec-21,"7,640"
6-Dec-21,"7,701"
7-Dec-21,"7,687"
8-Dec-21,"7,690"
9-Dec-21,"7,671"
10-Dec-21,"7,648"
13-Dec-21,"7,661"
14-Dec-21,"7,693"
15-Dec-21,"7,656"
16-Dec-21,"7,669"
17-Dec-21,"7,727"
20-Dec-21,"7,762"
21-Dec-21,"7,721"
23-Dec-21,"7,736"
24-Dec-21,"7,742"
27-Dec-21,"7,736"
28-Dec-21,"7,726"
29-Dec-21,"7,692"
30-Dec-21,"7,677"
31-Dec-21,"7,730"
3-Jan-22,"7,765"
4-Jan-22,"7,692"
5-Jan-22,"7,747"
6-Jan-22,"7,746"
7-Jan-22,"7,704"
10-Jan-22,"7,683"
11-Jan-22,"7,724"
12-Jan-22,"7,775"
13-Jan-22,"7,765"
14-Jan-22,"7,760"
17-Jan-22,"7,754"
19-Jan-22,"7,747"
20-Jan-22,"7,863"
21-Jan-22,"7,860"
24-Jan-22,"7,826"
26-Jan-22,"7,897"
27-Jan-22,"7,802"
3-Feb-22,"7,697"
4-Feb-22,"7,688"
7-Feb-22,"7,732"
8-Feb-22,"7,765"
9-Feb-22,"7,788"
10-Feb-22,"7,815"
11-Feb-22,"7,804"
14-Feb-22,"7,945"
15-Feb-22,"7,992"
16-Feb-22,"7,899"
17-Feb-22,"7,978"
18-Feb-22,"8,109"
21-Feb-22,"8,140"
22-Feb-22,"8,163"
23-Feb-22,"8,099"
24-Feb-22,"8,159"
25-Feb-22,"8,165"
28-Feb-22,"8,181"
1-Mar-22,"8,158"
2-Mar-22,"8,320"
3-Mar-22,"8,242"
4-Mar-22,"8,286"
7-Mar-22,"8,472"
8-Mar-22,"8,531"
9-Mar-22,"8,723"
10-Mar-22,"8,480"
14-Mar-22,"8,433"
15-Mar-22,"8,365"
16-Mar-22,"8,241"
17-Mar-22,"8,236"
18-Mar-22,"8,308"
21-Mar-22,"8,219"
22-Mar-22,"8,302"
23-Mar-22,"8,244"
24-Mar-22,"8,381"
25-Mar-22,"8,445"
28-Mar-22,"8,408"
29-Mar-22,"8,269"
30-Mar-22,"8,233"
31-Mar-22,"8,272"
4-Apr-22,"8,276"
5-Apr-22,"8,311"
6-Apr-22,"8,263"
7-Apr-22,"8,278"
8-Apr-22,"8,319"
11-Apr-22,"8,380"
12-Apr-22,"8,437"
13-Apr-22,"8,477"
14-Apr-22,"8,510"
15-Apr-22,"8,522"
18-Apr-22,"8,575"
20-Apr-22,"8,484"
21-Apr-22,"8,533"
22-Apr-22,"8,564"
25-Apr-22,"8,533"
26-Apr-22,"8,434"
27-Apr-22,"8,466"
28-Apr-22,"8,381"
29-Apr-22,"8,436"
5-May-22,"8,388"
6-May-22,"8,325"
9-May-22,"8,384"
10-May-22,"8,280"
11-May-22,"8,196"
12-May-22,"8,278"
13-May-22,"8,167"
17-May-22,"8,187"
18-May-22,"8,120"
19-May-22,"8,151"
20-May-22,"8,253"
23-May-22,"8,269"
24-May-22,"8,298"
25-May-22,"8,349"
26-May-22,"8,303"
27-May-22,"8,295"
30-May-22,"8,263"
31-May-22,"8,245"
1-Jun-22,"8,193"
2-Jun-22,"8,274"
3-Jun-22,"8,354"
7-Jun-22,"8,237"
8-Jun-22,"8,292"
9-Jun-22,"8,303"
10-Jun-22,"8,284"
13-Jun-22,"8,428"
14-Jun-22,"8,218"
15-Jun-22,"8,157"
16-Jun-22,"8,230"
17-Jun-22,"8,286"
20-Jun-22,"8,252"
21-Jun-22,"8,249"
22-Jun-22,"8,208"
23-Jun-22,"8,248"
24-Jun-22,"8,198"
27-Jun-22,"8,206"
28-Jun-22,"8,191"
29-Jun-22,"8,163"
30-Jun-22,"8,165"
1-Jul-22,"8,113"
4-Jul-22,"8,137"
5-Jul-22,"8,134"
6-Jul-22,"7,980"
7-Jul-22,"7,850"
8-Jul-22,"7,858"
12-Jul-22,"7,840"
13-Jul-22,"7,803"
15-Jul-22,"7,753"
18-Jul-22,"7,728"
19-Jul-22,"7,749"
20-Jul-22,"7,760"
21-Jul-22,"7,695"
22-Jul-22,"7,802"
25-Jul-22,"7,821"
26-Jul-22,"7,809"
28-Jul-22,"7,891"
29-Jul-22,"7,957"
1-Aug-22,"8,002"
2-Aug-22,"8,044"
3-Aug-22,"7,994"
4-Aug-22,"8,015"
5-Aug-22,"8,136"
8-Aug-22,"8,055"
9-Aug-22,"8,131"
10-Aug-22,"8,150"
11-Aug-22,"8,104"
12-Aug-22,"8,107"
15-Aug-22,"8,154"
16-Aug-22,"8,096"
17-Aug-22,"8,084"
18-Aug-22,"8,039"
19-Aug-22,"8,022"
22-Aug-22,"7,984"
23-Aug-22,"7,944"
24-Aug-22,"7,990"
25-Aug-22,"8,012"
26-Aug-22,"8,003"
29-Aug-22,"7,927"
30-Aug-22,"7,953"
1-Sep-22,"7,808"
2-Sep-22,"7,769"
5-Sep-22,"7,817"
6-Sep-22,"7,852"
7-Sep-22,"7,815"
8-Sep-22,"7,872"
9-Sep-22,"7,851"
12-Sep-22,"7,872"
13-Sep-22,"7,931"
14-Sep-22,"7,846"
15-Sep-22,"7,831"
19-Sep-22,"7,753"
20-Sep-22,"7,783"
21-Sep-22,"7,751"
22-Sep-22,"7,748"
23-Sep-22,"7,792"
26-Sep-22,"7,690"
27-Sep-22,"7,652"
28-Sep-22,"7,668"
29-Sep-22,"7,803"
29-Sep-22,"7,803"
30-Sep-22,"7,861"
3-Oct-22,"7,874"
4-Oct-22,"8,045"
5-Oct-22,"8,159"
6-Oct-22,"8,123"
7-Oct-22,"8,105"
11-Oct-22,"7,944"
12-Oct-22,"7,923"
13-Oct-22,"7,988"
14-Oct-22,"7,960"
17-Oct-22,"7,904"
18-Oct-22,"7,931"
19-Oct-22,"7,944"
20-Oct-22,"7,846"
21-Oct-22,"7,840"
25-Oct-22,"7,989"
26-Oct-22,"7,964"
27-Oct-22,"8,008"
28-Oct-22,"7,990"
31-Oct-22,"7,915"
1-Nov-22,"7,872"
2-Nov-22,"7,964"
3-Nov-22,"7,905"
4-Nov-22,"7,889"
7-Nov-22,"8,091"
8-Nov-22,"8,085"
9-Nov-22,"8,251"
10-Nov-22,"8,162"
11-Nov-22,"8,312"
14-Nov-22,"8,290"
15-Nov-22,"8,276"
16-Nov-22,"8,219"
17-Nov-22,"8,216"
21-Nov-22,"8,148"
22-Nov-22,"8,128"
23-Nov-22,"8,118"
24-Nov-22,"8,152"
25-Nov-22,"8,008"
29-Nov-22,"7,959"
30-Nov-22,"8,040"
1-Dec-22,"7,995"
2-Dec-22,"8,059"
5-Dec-22,"8,041"
6-Dec-22,"7,908"
7-Dec-22,"7,934"
8-Dec-22,"7,992"
9-Dec-22,"8,003"
12-Dec-22,"8,060"
13-Dec-22,"8,033"
14-Dec-22,"8,136"
15-Dec-22,"8,098"
16-Dec-22,"8,012"
19-Dec-22,"8,071"
20-Dec-22,"8,059"
21-Dec-22,"8,217"
22-Dec-22,"8,208"
23-Dec-22,"8,098"
27-Dec-22,"8,119"
28-Dec-22,"8,169"
29-Dec-22,"8,149"
30-Dec-22,"8,166"
3-Jan-23,"8,209"
4-Jan-23,"8,258"
5-Jan-23,"8,324"
6-Jan-23,"8,214"
9-Jan-23,"8,332"
10-Jan-23,"8,333"
11-Jan-23,"8,367"
12-Jan-23,"8,346"
13-Jan-23,"8,385"
16-Jan-23,"8,472"
17-Jan-23,"8,440"
18-Jan-23,"8,413"
19-Jan-23,"8,401"
20-Jan-23,"8,469"
25-Jan-23,"8,436"
26-Jan-23,"8,447"
27-Jan-23,"8,350"
30-Jan-23,"8,328"
31-Jan-23,"8,313"
1-Feb-23,"8,286"
2-Feb-23,"8,411"
3-Feb-23,"8,302"
7-Feb-23,"8,201"
8-Feb-23,"8,206"
9-Feb-23,"8,220"
10-Feb-23,"8,192"
13-Feb-23,"8,232"
14-Feb-23,"8,224"
15-Feb-23,"8,240"
16-Feb-23,"8,236"
17-Feb-23,"8,258"
20-Feb-23,"8,282"
21-Feb-23,"8,322"
22-Feb-23,"8,315"
23-Feb-23,"8,271"
24-Feb-23,"8,244"
27-Feb-23,"8,237"
28-Feb-23,"8,270"
1-Mar-23,"8,346"
2-Mar-23,"8,366"
3-Mar-23,"8,396"
6-Mar-23,"8,429"
7-Mar-23,"8,416"
8-Mar-23,"8,325"
9-Mar-23,"8,366"
10-Mar-23,"8,441"
13-Mar-23,"8,621"
14-Mar-23,"8,731"
15-Mar-23,"8,675"
16-Mar-23,"8,813"
17-Mar-23,"8,817"
20-Mar-23,"9,017"
21-Mar-23,"9,029"
22-Mar-23,"8,858"
23-Mar-23,"8,931"
24-Mar-23,"8,975"
27-Mar-23,"8,914"
28-Mar-23,"8,823"
29-Mar-23,"8,826"
30-Mar-23,"8,836"
31-Mar-23,"8,910"
3-Apr-23,"8,831"
4-Apr-23,"8,905"
5-Apr-23,"9,060"
6-Apr-23,"9,068"
7-Apr-23,"9,003"
10-Apr-23,"8,989"
11-Apr-23,"8,974"
12-Apr-23,"9,027"
13-Apr-23,"9,053"
14-Apr-23,"9,134"
17-Apr-23,"9,008"
18-Apr-23,"8,992"
19-Apr-23,"9,050"
20-Apr-23,"9,017"
25-Apr-23,"8,990"
26-Apr-23,"9,093"
27-Apr-23,"9,049"
28-Apr-23,"9,024"
2-May-23,"9,022"
3-May-23,"9,159"
5-May-23,"9,268"
8-May-23,"9,114"
9-May-23,"9,142"
10-May-23,"9,241"
11-May-23,"9,220"
12-May-23,"9,203"
15-May-23,"9,177"
16-May-23,"9,232"
17-May-23,"9,158"
18-May-23,"9,133"
19-May-23,"9,069"
22-May-23,"9,147"
23-May-23,"9,136"
24-May-23,"9,214"
25-May-23,"9,194"
26-May-23,"9,156"
29-May-23,"9,113"
30-May-23,"9,123"
31-May-23,"9,181"
1-Jun-23,"9,243"
2-Jun-23,"9,256"
6-Jun-23,"9,170"
7-Jun-23,"9,226"
8-Jun-23,"9,128"
9-Jun-23,"9,220"
12-Jun-23,"9,224"
13-Jun-23,"9,238"
14-Jun-23,"9,160"
15-Jun-23,"9,141"
16-Jun-23,"9,186"
19-Jun-23,"9,208"
20-Jun-23,"9,213"
21-Jun-23,"9,163"
22-Jun-23,"9,144"
23-Jun-23,"9,109"
26-Jun-23,"9,175"
27-Jun-23,"9,170"
28-Jun-23,"9,101"
30-Jun-23,"9,120"
3-Jul-23,"9,107"
4-Jul-23,"9,137"
5-Jul-23,"9,135"
6-Jul-23,"9,110"
7-Jul-23,"9,095"
10-Jul-23,"9,124"
11-Jul-23,"9,158"
12-Jul-23,"9,175"
13-Jul-23,"9,210"
14-Jul-23,"9,073"
17-Jul-23,"9,018"
18-Jul-23,"9,054.30"
20-Jul-23,"9,201"
21-Jul-23,"9,159"
24-Jul-23,"9,125"
25-Jul-23,"9,111"
26-Jul-23,"9,138"
27-Jul-23,"9,107"
28-Jul-23,"9,033"
31-Jul-23,"9,083"
1-Aug-23,"9,024"
2-Aug-23,"8,994"
3-Aug-23,"9,017"
4-Aug-23,"8,979"
7-Aug-23,"9,012"
8-Aug-23,"8,993"
9-Aug-23,"9,007"
10-Aug-23,"8,922"
11-Aug-23,"8,929"
14-Aug-23,"8,968"
15-Aug-23,"8,992.77"
16-Aug-23,"8,989"
17-Aug-23,"8,960"
18-Aug-23,"8,948"
21-Aug-23,"8,956"
22-Aug-23,"8,975"
23-Aug-23,"9,010"
24-Aug-23,"9,078"
25-Aug-23,"9,090"
28-Aug-23,"9,059"
29-Aug-23,"9,112"
30-Aug-23,"9,148"
1-Sep-23,"9,160"
4-Sep-23,"9,186"
5-Sep-23,"9,200"
6-Sep-23,"9,169"
7-Sep-23,"9,139"
8-Sep-23,"9,159"
11-Sep-23,"9,152"
12-Sep-23,"9,157"
13-Sep-23,"9,114"
14-Sep-23,"9,117"
15-Sep-23,"9,125"
18-Sep-23,"9,182"
19-Sep-23,"9,246"
20-Sep-23,"9,239"
21-Sep-23,"9,236"
22-Sep-23,"9,183"
25-Sep-23,"9,197"
26-Sep-23,"9,158"
27-Sep-23,"9,103"
29-Sep-23,"8,942"
2-Oct-23,"8,846"
3-Oct-23,"8,776"
4-Oct-23,"8,780"
5-Oct-23,"8,782"
6-Oct-23,"8,771"
9-Oct-23,"8,882"
10-Oct-23,"8,970"
11-Oct-23,"8,971"
12-Oct-23,"9,020"
13-Oct-23,"9,030"
16-Oct-23,"9,289"
17-Oct-23,"9,259"
18-Oct-23,"9,306"
19-Oct-23,"9,480"
20-Oct-23,"9,613"
23-Oct-23,"9,604"
24-Oct-23,"9,631"
25-Oct-23,"9,630"
26-Oct-23,"9,685"
